Mile,Waypoint,Elev_ft,Apr-01,Apr-02,Apr-03,Apr-04,Apr-05,Apr-06,Apr-07,Apr-08,Apr-09,Apr-10,Apr-11,Apr-12,Apr-13,Apr-14,Apr-15,Apr-16,Apr-17,Apr-18,Apr-19,Apr-20,Apr-21,Apr-22,Apr-23,Apr-24,Apr-25,Apr-26,Apr-27,Apr-28,Apr-29,Apr-30,Jul-01,Jul-02,Jul-03,Jul-04,Jul-05,Jul-06,Jul-07,Jul-08,Jul-09,Jul-10,Jul-11,Jul-12,Jul-13,Jul-14,Jul-15,Jul-16,Jul-17,Jul-18,Jul-19,Jul-20,Jun-01,Jun-02,Jun-03,Jun-04,Jun-05,Jun-06,Jun-07,Jun-08,Jun-09,Jun-10,Jun-11,Jun-12,Jun-13,Jun-14,Jun-15,Jun-16,Jun-17,Jun-18,Jun-19,Jun-20,Jun-21,Jun-22,Jun-23,Jun-24,Jun-25,Jun-26,Jun-27,Jun-28,Jun-29,Jun-30,Mar-15,Mar-16,Mar-17,Mar-18,Mar-19,Mar-20,Mar-21,Mar-22,Mar-23,Mar-24,Mar-25,Mar-26,Mar-27,Mar-28,Mar-29,Mar-30,Mar-31,May-01,May-02,May-03,May-04,May-05,May-06,May-07,May-08,May-09,May-10,May-11,May-12,May-13,May-14,May-15,May-16,May-17,May-18,May-19,May-20,May-21,May-22,May-23,May-24,May-25,May-26,May-27,May-28,May-29,May-30,May-31
0.0,Snoqualmie Pass (Hwy 90),3193.0,46.7,46.2,45.8,45.6,45.9,46.3,46.6,46.7,46.7,46.4,45.8,45.0,44.2,43.7,43.2,42.8,42.4,42.2,42.0,41.6,41.2,40.7,40.2,39.6,39.0,38.6,38.3,38.2,38.2,38.1,0.0,0.0,0.0,0.0,0.0,0.0,0.0,0.0,0.0,0.0,0.0,0.0,0.0,0.0,0.0,0.0,0.0,0.0,0.0,0.0,0.0,0.0,0.0,0.0,0.0,0.0,0.0,0.0,0.0,0.0,0.0,0.0,0.0,0.0,0.0,0.0,0.0,0.0,0.0,0.0,0.0,0.0,0.0,0.0,0.0,0.0,0.0,0.0,0.0,0.0,71.5,70.2,69.2,68.4,66.6,65.0,63.8,63.0,62.6,63.0,63.6,64.2,65.0,65.7,66.0,65.8,64.9,0.0,0.0,0.0,0.0,0.0,0.0,0.0,0.0,0.0,0.0,0.0,0.0,0.0,0.0,0.0,0.0,0.0,0.0,0.0,0.0,0.0,0.0,0.0,0.0,0.0,0.0,0.0,0.0,0.0,0.0,0.0
1.0,Mile 1.0,3475.0,61.3,60.6,60.1,59.9,60.2,60.8,61.1,61.2,61.1,60.8,59.9,58.9,58.0,57.2,56.6,56.0,55.4,55.2,54.9,54.4,53.8,53.1,52.4,51.6,50.9,50.3,49.8,49.7,49.7,49.5,0.0,0.0,0.0,0.0,0.0,0.0,0.0,0.0,0.0,0.0,0.0,0.0,0.0,0.0,0.0,0.0,0.0,0.0,0.0,0.0,0.0,0.0,0.0,0.0,0.0,0.0,0.0,0.0,0.0,0.0,0.0,0.0,0.0,0.0,0.0,0.0,0.0,0.0,0.0,0.0,0.0,0.0,0.0,0.0,0.0,0.0,0.0,0.0,0.0,0.0,69.1,67.9,66.9,66.1,64.4,62.9,61.7,60.9,60.5,60.9,61.5,62.0,62.7,63.3,63.6,63.4,62.5,4.5,4.5,4.4,4.4,4.4,4.3,4.2,4.1,4.0,3.8,3.6,3.4,3.2,3.1,2.9,2.8,2.7,2.7,2.6,2.5,2.5,2.4,2.4,2.3,2.2,2.1,2.1,2.0,1.9,1.8,1.8
2.0,Mile 2.0,2966.0,25.1,24.8,24.6,24.5,24.7,24.9,25.0,25.1,25.0,24.8,24.5,24.0,23.6,23.2,23.0,22.7,22.4,22.3,22.2,21.9,21.7,21.3,21.0,20.7,20.3,20.1,19.8,19.8,19.8,19.7,0.0,0.0,0.0,0.0,0.0,0.0,0.0,0.0,0.0,0.0,0.0,0.0,0.0,0.0,0.0,0.0,0.0,0.0,0.0,0.0,0.0,0.0,0.0,0.0,0.0,0.0,0.0,0.0,0.0,0.0,0.0,0.0,0.0,0.0,0.0,0.0,0.0,0.0,0.0,0.0,0.0,0.0,0.0,0.0,0.0,0.0,0.0,0.0,0.0,0.0,63.7,62.6,61.6,60.8,59.1,57.7,56.5,55.7,55.3,55.7,56.2,56.7,57.3,57.9,58.1,57.9,57.1,0.0,0.0,0.0,0.0,0.0,0.0,0.0,0.0,0.0,0.0,0.0,0.0,0.0,0.0,0.0,0.0,0.0,0.0,0.0,0.0,0.0,0.0,0.0,0.0,0.0,0.0,0.0,0.0,0.0,0.0,0.0
3.0,Mile 3.0,3314.0,51.3,50.7,50.3,50.1,50.4,50.8,51.0,51.1,51.0,50.6,49.9,49.0,48.2,47.6,47.0,46.5,46.0,45.7,45.4,44.9,44.4,43.8,43.1,42.5,41.8,41.3,40.9,40.8,40.7,40.5,0.0,0.0,0.0,0.0,0.0,0.0,0.0,0.0,0.0,0.0,0.0,0.0,0.0,0.0,0.0,0.0,0.0,0.0,0.0,0.0,0.0,0.0,0.0,0.0,0.0,0.0,0.0,0.0,0.0,0.0,0.0,0.0,0.0,0.0,0.0,0.0,0.0,0.0,0.0,0.0,0.0,0.0,0.0,0.0,0.0,0.0,0.0,0.0,0.0,0.0,65.6,64.4,63.5,62.7,61.0,59.5,58.4,57.6,57.2,57.6,58.1,58.5,59.1,59.7,60.0,59.8,58.9,0.0,0.0,0.0,0.0,0.0,0.0,0.0,0.0,0.0,0.0,0.0,0.0,0.0,0.0,0.0,0.0,0.0,0.0,0.0,0.0,0.0,0.0,0.0,0.0,0.0,0.0,0.0,0.0,0.0,0.0,0.0
4.0,Mile 4.0,3816.0,60.0,59.4,59.0,58.7,59.0,59.4,59.7,59.8,59.6,59.2,58.4,57.4,56.5,55.8,55.2,54.6,54.0,53.7,53.4,52.8,52.3,51.6,50.8,50.1,49.3,48.7,48.3,48.1,48.0,47.8,0.0,0.0,0.0,0.0,0.0,0.0,0.0,0.0,0.0,0.0,0.0,0.0,0.0,0.0,0.0,0.0,0.0,0.0,0.0,0.0,0.0,0.0,0.0,0.0,0.0,0.0,0.0,0.0,0.0,0.0,0.0,0.0,0.0,0.0,0.0,0.0,0.0,0.0,0.0,0.0,0.0,0.0,0.0,0.0,0.0,0.0,0.0,0.0,0.0,0.0,67.1,66.0,65.0,64.3,62.6,61.2,60.0,59.2,58.8,59.2,59.7,60.1,60.7,61.2,61.4,61.2,60.4,24.9,24.7,24.3,24.2,23.8,23.4,22.9,22.3,21.5,20.7,19.6,18.5,17.4,16.5,15.8,15.3,14.9,14.5,14.2,14.0,13.7,13.4,13.1,12.6,12.3,12.0,11.6,11.3,10.9,10.4,10.1
5.0,Gold Lake Bog area,3983.0,59.3,58.7,58.3,58.0,58.3,58.6,58.9,58.9,58.7,58.3,57.5,56.5,55.7,54.9,54.3,53.7,53.1,52.8,52.4,51.9,51.3,50.6,49.8,49.1,48.3,47.7,47.3,47.1,47.0,46.8,0.0,0.0,0.0,0.0,0.0,0.0,0.0,0.0,0.0,0.0,0.0,0.0,0.0,0.0,0.0,0.0,0.0,0.0,0.0,0.0,0.0,0.0,0.0,0.0,0.0,0.0,0.0,0.0,0.0,0.0,0.0,0.0,0.0,0.0,0.0,0.0,0.0,0.0,0.0,0.0,0.0,0.0,0.0,0.0,0.0,0.0,0.0,0.0,0.0,0.0,66.1,65.0,64.0,63.3,61.7,60.3,59.1,58.4,58.0,58.3,58.7,59.1,59.7,60.1,60.3,60.1,59.3,34.6,34.3,33.7,33.5,33.0,32.3,31.6,30.7,29.6,28.5,26.9,25.3,23.8,22.6,21.7,21.0,20.4,19.9,19.5,19.2,18.9,18.5,18.1,17.4,17.0,16.6,16.1,15.7,15.2,14.6,14.2
6.0,Mile 6.0,4604.0,66.0,65.5,65.0,64.8,65.0,65.4,65.7,65.8,65.6,65.2,64.4,63.4,62.5,61.8,61.2,60.6,60.0,59.7,59.4,58.8,58.2,57.5,56.8,56.0,55.3,54.7,54.2,54.1,54.0,53.8,0.0,0.0,0.0,0.0,0.0,0.0,0.0,0.0,0.0,0.0,0.0,0.0,0.0,0.0,0.0,0.0,0.0,0.0,0.0,0.0,18.6,18.0,17.4,16.8,16.1,15.4,14.6,13.9,13.1,12.3,11.5,10.9,10.4,9.9,9.4,9.1,8.8,8.7,8.5,8.4,8.3,8.3,8.3,8.3,8.3,8.3,8.3,8.3,8.3,8.3,71.6,70.5,69.5,68.8,67.1,65.7,64.5,63.7,63.3,63.7,64.2,64.6,65.2,65.7,65.9,65.7,64.9,56.3,55.9,55.1,54.9,54.1,53.3,52.3,51.1,49.6,48.1,45.9,43.7,41.6,39.9,38.5,37.5,36.7,35.9,35.3,34.9,34.3,33.8,33.2,32.3,31.7,31.1,30.4,29.7,29.0,28.0,27.6
7.0,Mile 7.0,4982.0,67.6,67.0,66.6,66.4,66.6,66.9,67.2,67.2,67.1,66.6,65.8,64.8,64.0,63.3,62.6,62.0,61.4,61.1,60.8,60.2,59.6,58.9,58.1,57.4,56.6,56.0,55.6,55.4,55.3,55.1,4.8,4.8,4.8,4.8,4.8,4.8,4.8,4.8,4.8,4.8,4.8,4.8,4.8,4.8,4.8,4.8,4.8,4.8,4.8,4.8,33.6,32.7,31.9,30.9,29.9,28.9,27.7,26.6,25.5,24.3,23.1,22.3,21.6,20.9,20.2,19.7,19.3,19.2,18.9,18.7,18.6,18.6,18.6,18.6,18.6,18.6,18.6,18.6,18.6,18.6,72.4,71.3,70.4,69.7,68.0,66.6,65.5,64.7,64.3,64.6,65.1,65.5,66.0,66.5,66.7,66.5,65.7,58.7,58.3,57.5,57.2,56.5,55.6,54.6,53.4,51.9,50.3,48.1,45.9,43.9,42.2,40.8,39.8,39.0,38.3,37.7,37.4,36.9,36.4,35.7,34.9,34.3,33.7,33.1,32.5,31.7,30.9,30.4
8.0,Mile 8.0,5396.0,69.6,69.1,68.6,68.4,68.6,68.9,69.1,69.1,69.0,68.5,67.7,66.7,65.9,65.2,64.5,63.9,63.3,63.0,62.6,62.1,61.5,60.7,59.9,59.2,58.4,57.9,57.4,57.2,57.1,56.9,20.9,20.9,20.9,20.9,20.9,20.9,20.9,20.9,20.9,20.9,20.9,20.9,20.9,20.9,20.9,20.9,20.9,20.9,20.9,20.9,38.4,37.6,36.8,35.8,34.9,34.0,32.9,31.9,30.8,29.7,28.6,27.9,27.2,26.6,26.0,25.5,25.2,25.1,24.8,24.6,24.5,24.5,24.5,24.5,24.5,24.5,24.5,24.5,24.5,24.5,73.6,72.6,71.7,70.9,69.3,67.9,66.8,66.0,65.6,65.9,66.3,66.7,67.2,67.7,67.9,67.6,66.8,61.8,61.3,60.5,60.2,59.5,58.6,57.5,56.3,54.8,53.2,51.0,48.8,46.8,45.1,43.8,42.8,42.0,41.4,40.8,40.5,40.0,39.5,38.9,38.1,37.6,37.0,36.4,35.8,35.1,34.3,33.9
9.0,Mile 9.0,5460.0,68.9,68.4,67.9,67.7,67.8,68.1,68.3,68.3,68.1,67.6,66.8,65.8,65.0,64.3,63.6,63.0,62.4,62.0,61.6,61.1,60.4,59.7,58.9,58.2,57.4,56.8,56.3,56.1,56.0,55.7,24.0,24.0,24.0,24.0,24.0,24.0,24.0,24.0,24.0,24.0,24.0,24.0,24.0,24.0,24.0,24.0,24.0,24.0,24.0,24.0,38.0,37.3,36.5,35.7,34.8,34.0,33.0,32.0,31.1,30.1,29.1,28.5,27.9,27.3,26.8,26.4,26.1,26.0,25.7,25.6,25.5,25.5,25.5,25.5,25.5,25.5,25.5,25.5,25.5,25.5,72.9,71.8,70.9,70.2,68.6,67.2,66.2,65.4,65.0,65.3,65.6,66.0,66.5,66.9,67.0,66.8,66.0,60.8,60.4,59.5,59.2,58.4,57.5,56.5,55.2,53.6,52.0,49.8,47.6,45.6,43.9,42.6,41.7,41.0,40.3,39.8,39.5,39.0,38.6,38.0,37.3,36.7,36.2,35.6,35.1,34.4,33.7,33.3
10.0,Chikamin Peak area,5192.0,66.1,65.5,65.0,64.8,64.9,65.1,65.3,65.3,65.0,64.5,63.8,62.8,61.9,61.2,60.5,59.9,59.3,58.9,58.5,57.9,57.2,56.4,55.7,54.9,54.1,53.6,53.1,52.9,52.7,52.4,12.1,12.1,12.1,12.1,12.1,12.1,12.1,12.1,12.1,12.1,12.1,12.1,12.1,12.1,12.1,12.1,12.1,12.1,12.1,12.1,33.3,32.5,31.9,31.1,30.3,29.5,28.5,27.7,26.8,25.9,25.0,24.4,23.8,23.4,22.9,22.5,22.2,22.1,21.9,21.8,21.7,21.7,21.7,21.7,21.7,21.7,21.7,21.7,21.7,21.7,70.6,69.6,68.7,68.0,66.4,65.1,64.0,63.2,62.8,63.1,63.4,63.8,64.2,64.6,64.7,64.5,63.7,56.7,56.2,55.3,55.0,54.2,53.3,52.2,50.8,49.3,47.6,45.4,43.2,41.2,39.5,38.2,37.3,36.6,36.0,35.5,35.2,34.7,34.3,33.8,33.1,32.6,32.1,31.5,31.0,30.4,29.7,29.3
11.0,Mile 11.0,5368.0,67.2,66.6,66.2,65.9,66.0,66.2,66.4,66.3,66.1,65.6,64.8,63.8,63.0,62.2,61.5,60.9,60.3,59.9,59.5,58.8,58.2,57.4,56.6,55.9,55.1,54.5,54.0,53.8,53.6,53.3,19.5,19.5,19.5,19.5,19.5,19.5,19.5,19.5,19.5,19.5,19.5,19.5,19.5,19.5,19.5,19.5,19.5,19.5,19.5,19.5,35.2,34.5,33.9,33.1,32.3,31.6,30.7,29.8,29.0,28.1,27.2,26.7,26.1,25.7,25.2,24.9,24.6,24.5,24.3,24.2,24.1,24.1,24.1,24.1,24.1,24.1,24.1,24.1,24.1,24.1,71.4,70.4,69.5,68.8,67.2,65.9,64.9,64.1,63.7,64.0,64.3,64.7,65.1,65.4,65.5,65.3,64.5,58.1,57.6,56.7,56.4,55.6,54.6,53.5,52.2,50.6,48.9,46.7,44.5,42.4,40.8,39.5,38.6,37.9,37.3,36.8,36.5,36.1,35.7,35.1,34.4,33.9,33.5,32.9,32.4,31.8,31.1,30.7
12.0,Mile 12.0,5153.0,65.0,64.4,64.0,63.7,63.8,64.0,64.1,64.0,63.7,63.2,62.5,61.4,60.6,59.8,59.2,58.5,57.9,57.4,57.0,56.4,55.7,54.9,54.1,53.4,52.6,52.0,51.5,51.3,51.1,50.8,10.6,10.6,10.6,10.6,10.6,10.6,10.6,10.6,10.6,10.6,10.6,10.6,10.6,10.6,10.6,10.6,10.6,10.6,10.6,10.6,31.6,30.9,30.3,29.5,28.8,28.1,27.2,26.4,25.6,24.8,24.0,23.5,23.0,22.5,22.1,21.8,21.5,21.5,21.2,21.1,21.1,21.1,21.1,21.1,21.1,21.1,21.1,21.1,21.1,21.1,69.7,68.7,67.8,67.1,65.5,64.3,63.2,62.5,62.0,62.3,62.6,63.0,63.3,63.7,63.8,63.5,62.7,54.9,54.4,53.5,53.1,52.3,51.3,50.2,48.8,47.2,45.5,43.3,41.1,39.1,37.4,36.1,35.2,34.5,34.0,33.5,33.2,32.8,32.4,31.9,31.2,30.8,30.3,29.8,29.3,28.7,28.0,27.6
13.0,Mile 13.0,5619.0,68.3,67.7,67.2,66.9,67.0,67.2,67.3,67.2,66.9,66.3,65.5,64.5,63.7,62.9,62.2,61.5,60.9,60.4,60.0,59.4,58.7,57.9,57.1,56.3,55.5,54.9,54.4,54.2,54.0,53.6,31.5,31.5,31.5,31.5,31.5,31.5,31.5,31.5,31.5,31.5,31.5,31.5,31.5,31.5,31.5,31.5,31.5,31.5,31.5,31.5,37.4,36.7,36.2,35.5,34.8,34.1,33.3,32.5,31.8,31.0,30.3,29.8,29.3,28.9,28.5,28.2,28.0,27.9,27.7,27.6,27.6,27.6,27.6,27.6,27.6,27.6,27.6,27.6,27.6,27.6,72.1,71.1,70.3,69.6,68.0,66.7,65.7,65.0,64.5,64.8,65.1,65.4,65.8,66.1,66.2,65.9,65.1,59.1,58.6,57.7,57.3,56.4,55.5,54.3,53.0,51.3,49.6,47.3,45.2,43.1,41.5,40.2,39.3,38.6,38.1,37.6,37.3,36.9,36.6,36.1,35.5,35.0,34.6,34.0,33.6,33.0,32.4,32.0
14.0,Mile 14.0,5783.0,69.5,68.9,68.4,68.1,68.1,68.3,68.4,68.3,68.0,67.5,66.7,65.6,64.8,64.0,63.3,62.6,62.0,61.5,61.1,60.4,59.7,58.9,58.1,57.3,56.5,55.9,55.4,55.2,54.9,54.6,34.0,34.0,34.0,34.0,34.0,34.0,34.0,34.0,34.0,34.0,34.0,34.0,34.0,34.0,34.0,34.0,34.0,34.0,34.0,34.0,39.3,38.7,38.1,37.4,36.7,36.1,35.3,34.5,33.8,33.1,32.4,31.9,31.4,31.1,30.7,30.4,30.2,30.1,29.9,29.8,29.8,29.8,29.8,29.8,29.8,29.8,29.8,29.8,29.8,29.8,73.0,72.1,71.2,70.5,68.9,67.7,66.7,65.9,65.5,65.7,66.0,66.3,66.7,67.0,67.1,66.8,66.0,60.5,60.0,59.1,58.7,57.8,56.9,55.7,54.3,52.6,50.9,48.7,46.5,44.4,42.8,41.5,40.6,39.9,39.4,39.0,38.7,38.3,37.9,37.4,36.8,36.4,35.9,35.4,35.0,34.4,33.8,33.4
15.0,Park Lakes Basin,5643.0,68.6,68.0,67.5,67.2,67.2,67.4,67.5,67.4,67.1,66.5,65.7,64.7,63.9,63.1,62.4,61.7,61.0,60.6,60.2,59.5,58.8,58.0,57.2,56.4,55.6,55.0,54.5,54.3,54.0,53.7,31.6,31.6,31.6,31.6,31.6,31.6,31.6,31.6,31.6,31.6,31.6,31.6,31.6,31.6,31.6,31.6,31.6,31.6,31.6,31.6,37.3,36.7,36.1,35.4,34.7,34.0,33.2,32.5,31.8,31.0,30.3,29.8,29.4,29.0,28.6,28.3,28.1,28.0,27.8,27.7,27.7,27.7,27.7,27.7,27.7,27.7,27.7,27.7,27.7,27.7,72.4,71.4,70.6,69.9,68.3,67.0,66.0,65.3,64.8,65.1,65.3,65.7,66.0,66.4,66.4,66.2,65.3,59.2,58.7,57.8,57.4,56.5,55.6,54.4,53.0,51.3,49.6,47.3,45.1,43.0,41.4,40.1,39.2,38.5,38.0,37.6,37.3,36.9,36.5,36.0,35.4,34.9,34.5,34.0,33.5,32.9,32.3,31.9
16.0,Mile 16.0,5425.0,66.8,66.2,65.7,65.4,65.4,65.6,65.7,65.6,65.3,64.8,64.0,62.9,62.1,61.3,60.6,59.9,59.2,58.8,58.4,57.7,57.0,56.2,55.4,54.6,53.8,53.2,52.7,52.5,52.2,51.9,21.9,21.9,21.9,21.9,21.9,21.9,21.9,21.9,21.9,21.9,21.9,21.9,21.9,21.9,21.9,21.9,21.9,21.9,21.9,21.9,34.1,33.4,32.9,32.2,31.5,30.8,30.0,29.3,28.5,27.8,27.1,26.6,26.2,25.8,25.4,25.1,24.9,24.9,24.7,24.6,24.5,24.5,24.5,24.5,24.5,24.5,24.5,24.5,24.5,24.5,71.1,70.2,69.3,68.6,67.0,65.7,64.7,64.0,63.5,63.8,64.1,64.4,64.8,65.1,65.1,64.9,64.0,56.7,56.2,55.3,54.9,54.0,53.1,51.9,50.4,48.8,47.0,44.7,42.5,40.5,38.8,37.5,36.6,36.0,35.4,35.0,34.7,34.3,33.9,33.5,32.8,32.4,31.9,31.4,30.9,30.4,29.7,29.4
17.0,Mile 17.0,4908.0,62.6,62.0,61.5,61.2,61.2,61.4,61.5,61.3,61.1,60.5,59.7,58.7,57.8,57.0,56.3,55.6,55.0,54.5,54.1,53.4,52.7,51.9,51.1,50.3,49.5,48.9,48.4,48.2,47.9,47.6,2.6,2.6,2.6,2.6,2.6,2.6,2.6,2.6,2.6,2.6,2.6,2.6,2.6,2.6,2.6,2.6,2.6,2.6,2.6,2.6,26.5,25.9,25.4,24.7,24.0,23.3,22.5,21.8,21.1,20.4,19.6,19.2,18.8,18.4,18.0,17.8,17.6,17.5,17.3,17.2,17.2,17.2,17.2,17.2,17.2,17.2,17.2,17.2,17.2,17.2,68.0,67.0,66.1,65.5,63.9,62.6,61.6,60.8,60.4,60.7,60.9,61.3,61.6,61.9,62.0,61.7,60.9,50.8,50.3,49.4,49.0,48.1,47.1,45.9,44.5,42.8,41.1,38.8,36.5,34.5,32.8,31.6,30.7,30.0,29.5,29.0,28.8,28.4,28.0,27.5,26.9,26.4,26.0,25.4,25.0,24.4,23.8,23.4
18.0,Mile 18.0,5207.0,64.7,64.1,63.5,63.2,63.2,63.4,63.4,63.3,63.0,62.4,61.6,60.6,59.7,58.9,58.2,57.5,56.8,56.3,55.9,55.2,54.5,53.7,52.8,52.1,51.3,50.7,50.1,49.9,49.6,49.3,12.4,12.4,12.4,12.4,12.4,12.4,12.4,12.4,12.4,12.4,12.4,12.4,12.4,12.4,12.4,12.4,12.4,12.4,12.4,12.4,30.1,29.5,29.0,28.3,27.7,27.0,26.3,25.6,24.9,24.2,23.6,23.1,22.8,22.4,22.1,21.8,21.6,21.6,21.4,21.3,21.3,21.3,21.3,21.3,21.3,21.3,21.3,21.3,21.3,21.3,69.5,68.6,67.7,67.0,65.4,64.2,63.2,62.4,62.0,62.2,62.5,62.8,63.1,63.5,63.5,63.2,62.3,53.4,52.8,51.9,51.5,50.6,49.6,48.4,46.9,45.2,43.5,41.1,38.9,36.8,35.2,33.9,33.1,32.4,31.9,31.5,31.2,30.8,30.5,30.0,29.4,29.0,28.6,28.0,27.6,27.0,26.4,26.1
19.0,Mile 19.0,4540.0,59.1,58.5,58.0,57.6,57.6,57.7,57.8,57.6,57.3,56.7,55.9,54.8,54.0,53.2,52.4,51.7,51.0,50.5,50.1,49.4,48.7,47.8,47.0,46.2,45.4,44.8,44.3,44.0,43.8,43.4,0.0,0.0,0.0,0.0,0.0,0.0,0.0,0.0,0.0,0.0,0.0,0.0,0.0,0.0,0.0,0.0,0.0,0.0,0.0,0.0,11.2,10.9,10.6,10.3,9.9,9.6,9.2,8.8,8.5,8.1,7.7,7.5,7.3,7.1,7.0,6.8,6.7,6.7,6.6,6.6,6.5,6.5,6.5,6.5,6.5,6.5,6.5,6.5,6.5,6.5,65.3,64.4,63.5,62.8,61.2,60.0,59.0,58.3,57.8,58.1,58.3,58.7,59.0,59.3,59.3,59.0,58.1,45.5,44.9,44.0,43.5,42.6,41.7,40.4,39.0,37.2,35.5,33.1,30.9,28.8,27.2,25.9,25.1,24.4,23.9,23.5,23.3,22.9,22.6,22.1,21.5,21.1,20.7,20.2,19.7,19.2,18.7,18.3
20.0,Waptus River,3963.0,54.3,53.7,53.2,52.8,52.8,52.9,52.9,52.7,52.4,51.8,51.0,49.9,49.1,48.3,47.5,46.8,46.1,45.6,45.1,44.4,43.7,42.9,42.0,41.3,40.4,39.8,39.3,39.0,38.7,38.3,0.0,0.0,0.0,0.0,0.0,0.0,0.0,0.0,0.0,0.0,0.0,0.0,0.0,0.0,0.0,0.0,0.0,0.0,0.0,0.0,0.0,0.0,0.0,0.0,0.0,0.0,0.0,0.0,0.0,0.0,0.0,0.0,0.0,0.0,0.0,0.0,0.0,0.0,0.0,0.0,0.0,0.0,0.0,0.0,0.0,0.0,0.0,0.0,0.0,0.0,61.7,60.8,59.9,59.2,57.7,56.5,55.5,54.7,54.3,54.5,54.8,55.1,55.4,55.7,55.7,55.4,54.5,27.2,26.8,26.2,25.8,25.2,24.5,23.6,22.6,21.4,20.1,18.5,16.9,15.6,14.6,13.8,13.3,12.8,12.5,12.2,12.0,11.8,11.5,11.2,10.8,10.5,10.3,9.9,9.6,9.3,8.9,8.6
21.0,Mile 21.0,3460.0,50.1,49.5,49.0,48.6,48.5,48.6,48.7,48.4,48.1,47.5,46.7,45.6,44.8,43.9,43.2,42.4,41.7,41.2,40.8,40.1,39.3,38.5,37.6,36.8,36.0,35.4,34.9,34.6,34.3,33.9,0.0,0.0,0.0,0.0,0.0,0.0,0.0,0.0,0.0,0.0,0.0,0.0,0.0,0.0,0.0,0.0,0.0,0.0,0.0,0.0,0.0,0.0,0.0,0.0,0.0,0.0,0.0,0.0,0.0,0.0,0.0,0.0,0.0,0.0,0.0,0.0,0.0,0.0,0.0,0.0,0.0,0.0,0.0,0.0,0.0,0.0,0.0,0.0,0.0,0.0,58.5,57.6,56.8,56.1,54.5,53.3,52.3,51.6,51.1,51.4,51.6,52.0,52.2,52.5,52.5,52.2,51.3,2.5,2.4,2.3,2.3,2.2,2.2,2.1,2.0,1.8,1.7,1.5,1.4,1.3,1.2,1.1,1.0,1.0,0.9,0.9,0.9,0.9,0.9,0.8,0.8,0.8,0.7,0.7,0.7,0.6,0.6,0.6
22.0,Mile 22.0,3293.0,42.0,41.4,40.9,40.5,40.5,40.5,40.5,40.3,40.0,39.4,38.7,37.8,37.0,36.3,35.6,34.9,34.3,33.8,33.4,32.8,32.2,31.4,30.7,30.0,29.2,28.7,28.2,27.9,27.7,27.3,0.0,0.0,0.0,0.0,0.0,0.0,0.0,0.0,0.0,0.0,0.0,0.0,0.0,0.0,0.0,0.0,0.0,0.0,0.0,0.0,0.0,0.0,0.0,0.0,0.0,0.0,0.0,0.0,0.0,0.0,0.0,0.0,0.0,0.0,0.0,0.0,0.0,0.0,0.0,0.0,0.0,0.0,0.0,0.0,0.0,0.0,0.0,0.0,0.0,0.0,57.2,56.3,55.5,54.8,53.3,52.1,51.1,50.4,49.9,50.2,50.4,50.7,50.9,51.2,51.2,50.8,49.9,0.0,0.0,0.0,0.0,0.0,0.0,0.0,0.0,0.0,0.0,0.0,0.0,0.0,0.0,0.0,0.0,0.0,0.0,0.0,0.0,0.0,0.0,0.0,0.0,0.0,0.0,0.0,0.0,0.0,0.0,0.0
23.0,Mile 23.0,3224.0,37.3,36.8,36.3,36.0,35.9,35.9,35.9,35.7,35.4,34.9,34.3,33.4,32.7,32.0,31.5,30.9,30.3,29.8,29.5,28.9,28.3,27.6,27.0,26.3,25.7,25.2,24.8,24.5,24.2,23.9,0.0,0.0,0.0,0.0,0.0,0.0,0.0,0.0,0.0,0.0,0.0,0.0,0.0,0.0,0.0,0.0,0.0,0.0,0.0,0.0,0.0,0.0,0.0,0.0,0.0,0.0,0.0,0.0,0.0,0.0,0.0,0.0,0.0,0.0,0.0,0.0,0.0,0.0,0.0,0.0,0.0,0.0,0.0,0.0,0.0,0.0,0.0,0.0,0.0,0.0,56.6,55.8,54.9,54.3,52.8,51.6,50.6,49.9,49.5,49.7,49.9,50.2,50.4,50.7,50.7,50.3,49.4,0.0,0.0,0.0,0.0,0.0,0.0,0.0,0.0,0.0,0.0,0.0,0.0,0.0,0.0,0.0,0.0,0.0,0.0,0.0,0.0,0.0,0.0,0.0,0.0,0.0,0.0,0.0,0.0,0.0,0.0,0.0
24.0,Mile 24.0,3362.0,46.4,45.8,45.2,44.8,44.7,44.7,44.7,44.4,44.0,43.4,42.6,41.5,40.7,39.9,39.1,38.4,37.7,37.1,36.7,36.0,35.2,34.4,33.6,32.8,32.0,31.4,30.9,30.5,30.2,29.7,0.0,0.0,0.0,0.0,0.0,0.0,0.0,0.0,0.0,0.0,0.0,0.0,0.0,0.0,0.0,0.0,0.0,0.0,0.0,0.0,0.0,0.0,0.0,0.0,0.0,0.0,0.0,0.0,0.0,0.0,0.0,0.0,0.0,0.0,0.0,0.0,0.0,0.0,0.0,0.0,0.0,0.0,0.0,0.0,0.0,0.0,0.0,0.0,0.0,0.0,57.3,56.5,55.6,55.0,53.5,52.3,51.4,50.7,50.2,50.4,50.6,50.9,51.1,51.3,51.3,50.9,50.1,0.0,0.0,0.0,0.0,0.0,0.0,0.0,0.0,0.0,0.0,0.0,0.0,0.0,0.0,0.0,0.0,0.0,0.0,0.0,0.0,0.0,0.0,0.0,0.0,0.0,0.0,0.0,0.0,0.0,0.0,0.0
25.0,Deep Lake / Cathedral Pass,3827.0,52.4,51.7,51.1,50.7,50.5,50.5,50.5,50.2,49.8,49.1,48.3,47.2,46.3,45.4,44.6,43.8,43.1,42.5,42.0,41.3,40.5,39.6,38.7,37.9,37.1,36.4,35.9,35.5,35.1,34.7,0.0,0.0,0.0,0.0,0.0,0.0,0.0,0.0,0.0,0.0,0.0,0.0,0.0,0.0,0.0,0.0,0.0,0.0,0.0,0.0,0.0,0.0,0.0,0.0,0.0,0.0,0.0,0.0,0.0,0.0,0.0,0.0,0.0,0.0,0.0,0.0,0.0,0.0,0.0,0.0,0.0,0.0,0.0,0.0,0.0,0.0,0.0,0.0,0.0,0.0,60.0,59.2,58.4,57.7,56.2,55.1,54.2,53.5,53.0,53.2,53.4,53.7,53.9,54.1,54.1,53.7,52.8,18.5,18.2,17.6,17.3,16.8,16.3,15.6,14.8,13.8,12.9,11.6,10.4,9.5,8.8,8.2,7.8,7.5,7.3,7.1,7.0,6.8,6.7,6.5,6.3,6.1,5.9,5.7,5.5,5.3,5.1,5.0
26.0,Mile 26.0,4303.0,56.2,55.5,54.9,54.4,54.3,54.3,54.2,53.9,53.5,52.8,52.0,50.9,50.0,49.1,48.3,47.5,46.8,46.2,45.7,44.9,44.2,43.3,42.4,41.6,40.7,40.1,39.5,39.1,38.8,38.3,0.0,0.0,0.0,0.0,0.0,0.0,0.0,0.0,0.0,0.0,0.0,0.0,0.0,0.0,0.0,0.0,0.0,0.0,0.0,0.0,3.8,3.7,3.6,3.5,3.4,3.3,3.1,3.0,2.9,2.8,2.7,2.6,2.5,2.5,2.4,2.3,2.3,2.3,2.3,2.3,2.3,2.3,2.3,2.3,2.3,2.3,2.3,2.3,2.3,2.3,62.8,62.0,61.2,60.6,59.1,57.9,57.0,56.3,55.8,56.0,56.2,56.5,56.7,56.9,56.9,56.5,55.6,39.6,39.1,38.0,37.4,36.5,35.5,34.2,32.7,30.9,29.1,26.8,24.5,22.5,20.9,19.7,18.9,18.3,17.9,17.5,17.3,17.0,16.7,16.4,16.0,15.6,15.3,14.9,14.6,14.2,13.8,13.5
27.0,Mile 27.0,4791.0,60.0,59.3,58.7,58.2,58.1,58.1,58.0,57.7,57.2,56.6,55.7,54.6,53.8,52.8,52.1,51.3,50.5,49.9,49.4,48.7,47.9,47.0,46.1,45.3,44.4,43.8,43.2,42.8,42.5,42.0,0.0,0.0,0.0,0.0,0.0,0.0,0.0,0.0,0.0,0.0,0.0,0.0,0.0,0.0,0.0,0.0,0.0,0.0,0.0,0.0,18.7,18.4,18.0,17.7,17.3,16.9,16.4,16.0,15.6,15.2,14.8,14.6,14.4,14.2,14.0,13.8,13.7,13.7,13.6,13.5,13.5,13.5,13.5,13.5,13.5,13.5,13.5,13.5,13.5,13.5,65.7,64.9,64.1,63.4,62.0,60.8,59.9,59.2,58.7,58.9,59.1,59.4,59.6,59.8,59.8,59.4,58.5,44.8,44.2,43.2,42.6,41.6,40.6,39.3,37.8,36.0,34.2,31.9,29.7,27.7,26.1,24.8,24.0,23.3,22.9,22.6,22.4,22.1,21.8,21.5,21.1,20.8,20.5,20.1,19.8,19.4,19.0,18.7
28.0,Mile 28.0,5221.0,63.4,62.7,62.1,61.6,61.5,61.5,61.4,61.1,60.6,60.0,59.1,58.0,57.1,56.2,55.4,54.6,53.9,53.3,52.8,52.0,51.2,50.3,49.4,48.6,47.7,47.1,46.5,46.1,45.7,45.3,13.1,13.1,13.1,13.1,13.1,13.1,13.1,13.1,13.1,13.1,13.1,13.1,13.1,13.1,13.1,13.1,13.1,13.1,13.1,13.1,27.6,27.2,26.9,26.4,26.0,25.6,25.0,24.6,24.1,23.7,23.2,22.9,22.7,22.5,22.3,22.1,22.0,21.9,21.8,21.8,21.7,21.7,21.7,21.7,21.7,21.7,21.7,21.7,21.7,21.7,68.3,67.4,66.6,66.0,64.5,63.4,62.5,61.8,61.3,61.5,61.7,61.9,62.1,62.3,62.3,61.9,61.0,49.4,48.8,47.7,47.1,46.2,45.2,43.9,42.4,40.6,38.8,36.4,34.2,32.2,30.6,29.4,28.5,27.9,27.5,27.2,26.9,26.7,26.4,26.1,25.7,25.3,25.0,24.7,24.4,24.0,23.6,23.3
29.0,Mile 29.0,5579.0,66.2,65.6,64.9,64.4,64.3,64.2,64.2,63.8,63.4,62.7,61.8,60.7,59.8,58.9,58.1,57.3,56.6,56.0,55.5,54.7,53.9,53.0,52.1,51.3,50.4,49.8,49.2,48.8,48.4,47.9,29.8,29.8,29.8,29.8,29.8,29.8,29.8,29.8,29.8,29.8,29.8,29.8,29.8,29.8,29.8,29.8,29.8,29.8,29.8,29.8,32.5,32.1,31.8,31.3,30.9,30.5,30.0,29.5,29.1,28.6,28.2,27.9,27.7,27.5,27.3,27.1,27.0,26.9,26.8,26.8,26.8,26.8,26.8,26.8,26.8,26.8,26.8,26.8,26.8,26.8,70.4,69.6,68.7,68.1,66.6,65.5,64.6,63.9,63.4,63.6,63.8,64.1,64.3,64.5,64.4,64.0,63.1,53.1,52.5,51.5,50.9,49.9,48.9,47.6,46.1,44.3,42.5,40.1,37.9,35.9,34.3,33.1,32.2,31.6,31.2,30.9,30.7,30.4,30.1,29.8,29.4,29.1,28.8,28.5,28.1,27.8,27.4,27.1
30.0,Deception Pass,5337.0,64.1,63.5,62.8,62.3,62.1,62.0,61.9,61.5,61.0,60.4,59.5,58.3,57.4,56.5,55.7,54.9,54.1,53.5,53.0,52.2,51.4,50.5,49.6,48.8,47.9,47.2,46.6,46.2,45.8,45.3,18.0,18.0,18.0,18.0,18.0,18.0,18.0,18.0,18.0,18.0,18.0,18.0,18.0,18.0,18.0,18.0,18.0,18.0,18.0,18.0,28.7,28.3,28.0,27.6,27.2,26.9,26.4,26.0,25.6,25.2,24.8,24.5,24.3,24.1,23.9,23.8,23.7,23.7,23.6,23.5,23.5,23.5,23.5,23.5,23.5,23.5,23.5,23.5,23.5,23.5,68.7,68.0,67.2,66.5,65.1,64.0,63.1,62.4,61.9,62.1,62.2,62.5,62.7,62.9,62.8,62.4,61.5,49.7,49.1,48.0,47.4,46.4,45.4,44.1,42.5,40.7,39.0,36.6,34.4,32.4,30.8,29.5,28.7,28.1,27.7,27.4,27.2,27.0,26.7,26.4,26.1,25.8,25.5,25.2,24.9,24.6,24.2,24.0
31.0,Mile 31.0,5404.0,64.5,63.8,63.1,62.5,62.3,62.2,62.0,61.6,61.1,60.4,59.5,58.3,57.4,56.5,55.7,54.8,54.0,53.4,52.8,52.0,51.2,50.3,49.4,48.6,47.7,47.0,46.4,45.9,45.5,44.9,21.1,21.1,21.1,21.1,21.1,21.1,21.1,21.1,21.1,21.1,21.1,21.1,21.1,21.1,21.1,21.1,21.1,21.1,21.1,21.1,29.1,28.7,28.4,28.1,27.7,27.4,27.0,26.6,26.3,25.9,25.6,25.3,25.2,25.0,24.8,24.7,24.6,24.6,24.5,24.4,24.4,24.4,24.4,24.4,24.4,24.4,24.4,24.4,24.4,24.4,69.0,68.2,67.4,66.8,65.4,64.3,63.4,62.7,62.3,62.4,62.6,62.8,63.0,63.1,63.1,62.6,61.7,49.6,49.0,47.9,47.2,46.2,45.1,43.8,42.3,40.4,38.6,36.3,34.1,32.1,30.5,29.3,28.4,27.9,27.5,27.2,27.1,26.8,26.6,26.3,26.0,25.7,25.5,25.2,24.9,24.6,24.3,24.1
32.0,Mile 32.0,5035.0,61.4,60.7,60.0,59.5,59.2,59.1,58.9,58.4,57.9,57.2,56.3,55.1,54.2,53.3,52.5,51.6,50.8,50.1,49.6,48.7,47.9,47.0,46.1,45.3,44.3,43.7,43.1,42.6,42.1,41.6,6.5,6.5,6.5,6.5,6.5,6.5,6.5,6.5,6.5,6.5,6.5,6.5,6.5,6.5,6.5,6.5,6.5,6.5,6.5,6.5,23.7,23.4,23.1,22.8,22.4,22.1,21.7,21.4,21.1,20.7,20.4,20.2,20.0,19.9,19.7,19.6,19.5,19.5,19.4,19.3,19.3,19.3,19.3,19.3,19.3,19.3,19.3,19.3,19.3,19.3,66.7,65.9,65.1,64.5,63.1,62.1,61.2,60.5,60.0,60.2,60.3,60.6,60.7,60.9,60.8,60.3,59.4,45.1,44.5,43.4,42.7,41.7,40.6,39.3,37.7,35.9,34.1,31.7,29.5,27.6,26.0,24.7,23.9,23.3,23.0,22.8,22.6,22.4,22.2,21.9,21.6,21.3,21.1,20.8,20.6,20.3,20.0,19.8
33.0,Mile 33.0,4676.0,58.6,57.8,57.1,56.6,56.2,56.1,56.0,55.5,55.0,54.3,53.3,52.2,51.3,50.3,49.5,48.6,47.8,47.1,46.6,45.8,45.0,44.0,43.1,42.3,41.3,40.7,40.1,39.6,39.1,38.5,0.0,0.0,0.0,0.0,0.0,0.0,0.0,0.0,0.0,0.0,0.0,0.0,0.0,0.0,0.0,0.0,0.0,0.0,0.0,0.0,13.4,13.2,13.0,12.8,12.5,12.3,12.0,11.8,11.6,11.3,11.1,11.0,10.8,10.7,10.6,10.5,10.5,10.5,10.4,10.4,10.4,10.4,10.4,10.4,10.4,10.4,10.4,10.4,10.4,10.4,64.5,63.7,63.0,62.4,61.0,59.9,59.0,58.4,57.9,58.0,58.1,58.4,58.5,58.7,58.6,58.1,57.2,41.0,40.4,39.3,38.6,37.6,36.5,35.1,33.6,31.7,30.0,27.6,25.4,23.5,21.9,20.6,19.8,19.2,18.9,18.7,18.5,18.3,18.1,17.8,17.5,17.3,17.1,16.8,16.5,16.3,16.0,15.8
34.0,Mile 34.0,4205.0,54.8,54.1,53.3,52.8,52.4,52.3,52.1,51.7,51.1,50.4,49.5,48.3,47.4,46.4,45.6,44.8,44.0,43.3,42.7,41.9,41.1,40.2,39.2,38.4,37.5,36.8,36.2,35.7,35.2,34.6,0.0,0.0,0.0,0.0,0.0,0.0,0.0,0.0,0.0,0.0,0.0,0.0,0.0,0.0,0.0,0.0,0.0,0.0,0.0,0.0,1.6,1.6,1.5,1.5,1.5,1.4,1.4,1.3,1.3,1.2,1.2,1.2,1.2,1.1,1.1,1.1,1.1,1.1,1.1,1.1,1.1,1.1,1.1,1.1,1.1,1.1,1.1,1.1,1.1,1.1,61.6,60.9,60.1,59.5,58.1,57.1,56.2,55.5,55.1,55.2,55.3,55.6,55.7,55.8,55.8,55.3,54.4,35.7,35.1,34.0,33.2,32.2,31.2,29.8,28.3,26.4,24.7,22.3,20.1,18.1,16.6,15.4,14.7,14.1,13.8,13.6,13.4,13.2,13.0,12.7,12.4,12.2,12.0,11.7,11.5,11.2,10.9,10.8
35.0,Deception Creek,3734.0,51.0,50.2,49.5,48.9,48.6,48.4,48.3,47.8,47.2,46.5,45.5,44.4,43.5,42.5,41.7,40.8,40.0,39.3,38.8,37.9,37.1,36.2,35.2,34.4,33.5,32.8,32.2,31.7,31.2,30.6,0.0,0.0,0.0,0.0,0.0,0.0,0.0,0.0,0.0,0.0,0.0,0.0,0.0,0.0,0.0,0.0,0.0,0.0,0.0,0.0,0.0,0.0,0.0,0.0,0.0,0.0,0.0,0.0,0.0,0.0,0.0,0.0,0.0,0.0,0.0,0.0,0.0,0.0,0.0,0.0,0.0,0.0,0.0,0.0,0.0,0.0,0.0,0.0,0.0,0.0,58.7,58.0,57.3,56.7,55.3,54.3,53.4,52.7,52.2,52.4,52.5,52.7,52.8,53.0,52.9,52.4,51.5,12.6,12.4,11.9,11.6,11.2,10.7,10.2,9.5,8.7,8.0,7.0,6.2,5.5,4.9,4.5,4.1,3.9,3.8,3.7,3.6,3.6,3.5,3.4,3.3,3.2,3.1,3.0,2.9,2.8,2.7,2.6
36.0,Mile 36.0,3265.0,39.2,38.6,38.0,37.5,37.2,37.1,36.9,36.5,36.0,35.4,34.6,33.7,32.9,32.1,31.4,30.7,30.0,29.4,28.9,28.2,27.6,26.8,26.0,25.3,24.5,24.0,23.4,23.0,22.6,22.1,0.0,0.0,0.0,0.0,0.0,0.0,0.0,0.0,0.0,0.0,0.0,0.0,0.0,0.0,0.0,0.0,0.0,0.0,0.0,0.0,0.0,0.0,0.0,0.0,0.0,0.0,0.0,0.0,0.0,0.0,0.0,0.0,0.0,0.0,0.0,0.0,0.0,0.0,0.0,0.0,0.0,0.0,0.0,0.0,0.0,0.0,0.0,0.0,0.0,0.0,55.9,55.2,54.4,53.8,52.4,51.4,50.5,49.9,49.4,49.5,49.6,49.9,50.0,50.1,50.0,49.5,48.6,0.0,0.0,0.0,0.0,0.0,0.0,0.0,0.0,0.0,0.0,0.0,0.0,0.0,0.0,0.0,0.0,0.0,0.0,0.0,0.0,0.0,0.0,0.0,0.0,0.0,0.0,0.0,0.0,0.0,0.0,0.0
37.0,Mile 37.0,3021.0,23.8,23.4,23.0,22.7,22.4,22.4,22.2,22.0,21.6,21.3,20.7,20.1,19.6,19.1,18.7,18.2,17.8,17.4,17.1,16.7,16.2,15.7,15.2,14.8,14.3,13.9,13.6,13.3,13.0,12.7,0.0,0.0,0.0,0.0,0.0,0.0,0.0,0.0,0.0,0.0,0.0,0.0,0.0,0.0,0.0,0.0,0.0,0.0,0.0,0.0,0.0,0.0,0.0,0.0,0.0,0.0,0.0,0.0,0.0,0.0,0.0,0.0,0.0,0.0,0.0,0.0,0.0,0.0,0.0,0.0,0.0,0.0,0.0,0.0,0.0,0.0,0.0,0.0,0.0,0.0,54.3,53.6,52.9,52.3,50.9,49.9,49.1,48.4,48.0,48.0,48.1,48.4,48.5,48.6,48.5,48.0,47.1,0.0,0.0,0.0,0.0,0.0,0.0,0.0,0.0,0.0,0.0,0.0,0.0,0.0,0.0,0.0,0.0,0.0,0.0,0.0,0.0,0.0,0.0,0.0,0.0,0.0,0.0,0.0,0.0,0.0,0.0,0.0
38.0,Mile 38.0,3277.0,39.8,39.1,38.5,37.9,37.5,37.3,37.1,36.6,36.1,35.4,34.6,33.6,32.8,32.0,31.2,30.5,29.8,29.2,28.6,27.9,27.2,26.4,25.6,24.8,24.0,23.4,22.9,22.4,21.9,21.4,0.0,0.0,0.0,0.0,0.0,0.0,0.0,0.0,0.0,0.0,0.0,0.0,0.0,0.0,0.0,0.0,0.0,0.0,0.0,0.0,0.0,0.0,0.0,0.0,0.0,0.0,0.0,0.0,0.0,0.0,0.0,0.0,0.0,0.0,0.0,0.0,0.0,0.0,0.0,0.0,0.0,0.0,0.0,0.0,0.0,0.0,0.0,0.0,0.0,0.0,55.6,55.0,54.2,53.7,52.3,51.4,50.5,49.9,49.4,49.5,49.6,49.8,49.9,50.0,49.9,49.3,48.4,0.0,0.0,0.0,0.0,0.0,0.0,0.0,0.0,0.0,0.0,0.0,0.0,0.0,0.0,0.0,0.0,0.0,0.0,0.0,0.0,0.0,0.0,0.0,0.0,0.0,0.0,0.0,0.0,0.0,0.0,0.0
39.0,Mile 39.0,3268.0,39.0,38.4,37.7,37.1,36.7,36.5,36.2,35.7,35.1,34.5,33.6,32.7,31.9,31.0,30.3,29.5,28.8,28.2,27.6,26.9,26.2,25.4,24.6,23.8,23.0,22.4,21.9,21.4,20.9,20.3,0.0,0.0,0.0,0.0,0.0,0.0,0.0,0.0,0.0,0.0,0.0,0.0,0.0,0.0,0.0,0.0,0.0,0.0,0.0,0.0,0.0,0.0,0.0,0.0,0.0,0.0,0.0,0.0,0.0,0.0,0.0,0.0,0.0,0.0,0.0,0.0,0.0,0.0,0.0,0.0,0.0,0.0,0.0,0.0,0.0,0.0,0.0,0.0,0.0,0.0,55.3,54.7,54.0,53.4,52.1,51.2,50.4,49.8,49.3,49.4,49.4,49.7,49.7,49.8,49.7,49.1,48.2,0.0,0.0,0.0,0.0,0.0,0.0,0.0,0.0,0.0,0.0,0.0,0.0,0.0,0.0,0.0,0.0,0.0,0.0,0.0,0.0,0.0,0.0,0.0,0.0,0.0,0.0,0.0,0.0,0.0,0.0,0.0
40.0,Surprise Lake Jct,3378.0,46.2,45.4,44.6,43.8,43.3,43.0,42.6,41.9,41.2,40.4,39.4,38.3,37.3,36.3,35.5,34.5,33.7,32.9,32.3,31.4,30.6,29.6,28.7,27.8,26.8,26.1,25.5,24.9,24.2,23.6,0.0,0.0,0.0,0.0,0.0,0.0,0.0,0.0,0.0,0.0,0.0,0.0,0.0,0.0,0.0,0.0,0.0,0.0,0.0,0.0,0.0,0.0,0.0,0.0,0.0,0.0,0.0,0.0,0.0,0.0,0.0,0.0,0.0,0.0,0.0,0.0,0.0,0.0,0.0,0.0,0.0,0.0,0.0,0.0,0.0,0.0,0.0,0.0,0.0,0.0,55.7,55.1,54.4,53.9,52.6,51.8,51.0,50.4,49.9,49.9,50.0,50.2,50.2,50.3,50.1,49.5,48.7,0.0,0.0,0.0,0.0,0.0,0.0,0.0,0.0,0.0,0.0,0.0,0.0,0.0,0.0,0.0,0.0,0.0,0.0,0.0,0.0,0.0,0.0,0.0,0.0,0.0,0.0,0.0,0.0,0.0,0.0,0.0
41.0,Mile 41.0,3874.0,51.4,50.6,49.7,48.9,48.2,47.9,47.5,46.7,46.0,45.2,44.1,42.9,41.9,40.8,40.0,39.0,38.2,37.4,36.7,35.7,34.9,33.9,32.9,32.0,31.0,30.3,29.6,29.0,28.2,27.5,0.0,0.0,0.0,0.0,0.0,0.0,0.0,0.0,0.0,0.0,0.0,0.0,0.0,0.0,0.0,0.0,0.0,0.0,0.0,0.0,0.0,0.0,0.0,0.0,0.0,0.0,0.0,0.0,0.0,0.0,0.0,0.0,0.0,0.0,0.0,0.0,0.0,0.0,0.0,0.0,0.0,0.0,0.0,0.0,0.0,0.0,0.0,0.0,0.0,0.0,58.5,57.9,57.3,56.8,55.5,54.7,53.9,53.3,52.9,52.8,52.9,53.1,53.1,53.1,53.0,52.3,51.5,16.5,16.1,15.3,14.8,14.1,13.5,12.6,11.7,10.6,9.6,8.2,7.0,6.0,5.2,4.5,4.1,3.8,3.7,3.7,3.6,3.6,3.6,3.5,3.5,3.4,3.4,3.4,3.3,3.3,3.2,3.2
42.0,Mile 42.0,4216.0,54.1,53.3,52.4,51.6,50.8,50.5,50.0,49.3,48.5,47.6,46.5,45.4,44.4,43.3,42.4,41.5,40.6,39.8,39.1,38.2,37.3,36.3,35.3,34.4,33.4,32.7,32.0,31.3,30.5,29.9,0.0,0.0,0.0,0.0,0.0,0.0,0.0,0.0,0.0,0.0,0.0,0.0,0.0,0.0,0.0,0.0,0.0,0.0,0.0,0.0,1.6,1.6,1.6,1.5,1.5,1.5,1.5,1.5,1.5,1.5,1.5,1.5,1.5,1.5,1.5,1.5,1.5,1.5,1.5,1.5,1.5,1.5,1.5,1.5,1.5,1.5,1.5,1.5,1.5,1.5,60.4,59.9,59.2,58.7,57.5,56.7,56.0,55.4,54.9,54.9,54.9,55.2,55.1,55.1,55.0,54.3,53.5,31.3,30.6,29.2,28.3,27.2,26.1,24.6,23.1,21.2,19.5,17.2,15.1,13.4,11.9,10.7,10.0,9.6,9.5,9.4,9.4,9.3,9.3,9.2,9.1,9.1,9.0,9.0,8.9,8.9,8.8,8.8
43.0,Mile 43.0,4417.0,55.7,54.9,54.0,53.2,52.5,52.1,51.6,50.8,50.1,49.2,48.1,47.0,46.0,44.9,44.0,43.1,42.2,41.4,40.7,39.7,38.9,37.9,36.9,35.9,34.9,34.2,33.5,32.9,32.1,31.4,0.0,0.0,0.0,0.0,0.0,0.0,0.0,0.0,0.0,0.0,0.0,0.0,0.0,0.0,0.0,0.0,0.0,0.0,0.0,0.0,5.4,5.4,5.4,5.3,5.3,5.3,5.3,5.2,5.2,5.2,5.2,5.1,5.1,5.1,5.1,5.1,5.1,5.1,5.1,5.1,5.1,5.1,5.1,5.1,5.1,5.1,5.1,5.1,5.1,5.1,61.6,61.1,60.4,59.9,58.7,57.9,57.2,56.6,56.2,56.1,56.1,56.4,56.3,56.3,56.2,55.5,54.7,33.5,32.8,31.4,30.5,29.3,28.2,26.8,25.2,23.3,21.7,19.4,17.3,15.5,14.1,12.9,12.1,11.7,11.6,11.5,11.5,11.4,11.4,11.3,11.3,11.2,11.2,11.1,11.1,11.0,11.0,10.9
44.0,Mile 44.0,4589.0,57.1,56.3,55.3,54.5,53.8,53.4,52.9,52.1,51.3,50.5,49.4,48.2,47.2,46.1,45.3,44.3,43.4,42.6,41.9,40.9,40.1,39.1,38.1,37.1,36.1,35.4,34.7,34.1,33.3,32.6,0.0,0.0,0.0,0.0,0.0,0.0,0.0,0.0,0.0,0.0,0.0,0.0,0.0,0.0,0.0,0.0,0.0,0.0,0.0,0.0,9.8,9.8,9.7,9.7,9.7,9.7,9.6,9.6,9.6,9.5,9.5,9.5,9.5,9.5,9.4,9.4,9.4,9.4,9.4,9.4,9.4,9.4,9.4,9.4,9.4,9.4,9.4,9.4,9.4,9.4,62.6,62.1,61.4,60.9,59.7,59.0,58.2,57.6,57.2,57.1,57.1,57.4,57.3,57.3,57.2,56.5,55.7,35.2,34.5,33.1,32.1,31.0,29.9,28.5,26.9,25.0,23.4,21.1,19.0,17.3,15.8,14.6,13.9,13.4,13.3,13.3,13.2,13.2,13.1,13.1,13.1,13.0,13.0,12.9,12.9,12.9,12.8,12.8
45.0,Trap Pass area,5044.0,60.8,59.9,59.0,58.2,57.4,57.0,56.6,55.8,55.0,54.1,53.0,51.9,50.9,49.8,48.9,47.9,47.1,46.2,45.6,44.6,43.7,42.7,41.7,40.8,39.8,39.1,38.4,37.7,36.9,36.2,7.6,7.6,7.6,7.6,7.6,7.6,7.6,7.6,7.6,7.6,7.6,7.6,7.6,7.6,7.6,7.6,7.6,7.6,7.6,7.6,22.4,22.4,22.3,22.3,22.2,22.2,22.1,22.1,22.0,22.0,21.9,21.9,21.9,21.8,21.8,21.8,21.8,21.8,21.8,21.8,21.8,21.8,21.8,21.8,21.8,21.8,21.8,21.8,21.8,21.8,65.3,64.8,64.1,63.7,62.5,61.7,61.0,60.4,59.9,59.8,59.8,60.1,60.0,60.0,59.9,59.2,58.5,40.2,39.5,38.1,37.1,36.0,34.9,33.5,31.9,30.0,28.4,26.1,24.0,22.2,20.8,19.6,18.9,18.4,18.3,18.3,18.2,18.2,18.1,18.1,18.0,18.0,18.0,17.9,17.9,17.8,17.8,17.8
46.0,Mile 46.0,5462.0,64.1,63.3,62.4,61.6,60.8,60.4,60.0,59.2,58.4,57.5,56.4,55.3,54.3,53.2,52.3,51.3,50.5,49.7,49.0,48.0,47.1,46.2,45.2,44.2,43.2,42.5,41.8,41.1,40.3,39.6,26.1,26.1,26.1,26.1,26.1,26.1,26.1,26.1,26.1,26.1,26.1,26.1,26.1,26.1,26.1,26.1,26.1,26.1,26.1,26.1,28.2,28.2,28.2,28.1,28.1,28.0,28.0,27.9,27.9,27.8,27.8,27.7,27.7,27.7,27.6,27.6,27.6,27.6,27.6,27.6,27.6,27.6,27.6,27.6,27.6,27.6,27.6,27.6,27.6,27.6,67.9,67.4,66.7,66.2,65.0,64.2,63.5,62.9,62.5,62.4,62.4,62.7,62.6,62.6,62.4,61.8,61.0,44.8,44.1,42.8,41.8,40.7,39.6,38.1,36.6,34.7,33.1,30.7,28.7,26.9,25.4,24.3,23.5,23.0,23.0,22.9,22.9,22.8,22.8,22.7,22.7,22.6,22.6,22.5,22.5,22.5,22.4,22.4
47.0,Mile 47.0,5383.0,63.6,62.7,61.8,61.0,60.3,59.9,59.4,58.7,57.9,57.0,55.9,54.8,53.8,52.7,51.8,50.8,50.0,49.2,48.5,47.5,46.7,45.7,44.7,43.7,42.7,42.0,41.3,40.6,39.9,39.2,22.0,22.0,22.0,22.0,22.0,22.0,22.0,22.0,22.0,22.0,22.0,22.0,22.0,22.0,22.0,22.0,22.0,22.0,22.0,22.0,27.1,27.1,27.0,27.0,26.9,26.9,26.8,26.8,26.7,26.6,26.6,26.6,26.5,26.5,26.5,26.5,26.4,26.4,26.4,26.4,26.4,26.4,26.4,26.4,26.4,26.4,26.4,26.4,26.4,26.4,67.5,67.0,66.3,65.8,64.6,63.8,63.1,62.5,62.0,61.9,62.0,62.2,62.1,62.2,62.0,61.4,60.6,44.1,43.4,42.0,41.1,40.0,38.8,37.4,35.8,34.0,32.3,30.0,28.0,26.2,24.7,23.5,22.7,22.2,22.2,22.1,22.0,22.0,21.9,21.9,21.8,21.8,21.7,21.7,21.6,21.6,21.5,21.5
48.0,Mile 48.0,4671.0,57.9,57.1,56.2,55.4,54.7,54.3,53.8,53.1,52.3,51.5,50.4,49.2,48.2,47.1,46.3,45.3,44.4,43.6,42.9,42.0,41.1,40.1,39.1,38.2,37.2,36.5,35.8,35.1,34.3,33.6,0.0,0.0,0.0,0.0,0.0,0.0,0.0,0.0,0.0,0.0,0.0,0.0,0.0,0.0,0.0,0.0,0.0,0.0,0.0,0.0,12.2,12.2,12.2,12.1,12.1,12.0,12.0,11.9,11.9,11.9,11.8,11.8,11.8,11.7,11.7,11.7,11.7,11.7,11.7,11.7,11.7,11.7,11.7,11.7,11.7,11.7,11.7,11.7,11.7,11.7,63.3,62.8,62.1,61.6,60.4,59.6,58.9,58.3,57.8,57.7,57.7,58.0,57.9,58.0,57.8,57.2,56.4,36.4,35.7,34.4,33.4,32.3,31.2,29.8,28.2,26.3,24.7,22.3,20.3,18.5,17.0,15.8,15.0,14.5,14.4,14.3,14.3,14.2,14.2,14.1,14.0,14.0,13.9,13.9,13.8,13.8,13.7,13.7
49.0,Mile 49.0,4345.0,55.5,54.7,53.8,53.0,52.4,52.0,51.6,50.9,50.1,49.3,48.2,47.1,46.1,45.0,44.1,43.2,42.3,41.5,40.8,39.9,39.0,38.0,37.1,36.1,35.1,34.4,33.7,33.1,32.3,31.6,0.0,0.0,0.0,0.0,0.0,0.0,0.0,0.0,0.0,0.0,0.0,0.0,0.0,0.0,0.0,0.0,0.0,0.0,0.0,0.0,3.8,3.8,3.8,3.8,3.8,3.7,3.7,3.7,3.7,3.6,3.6,3.6,3.6,3.6,3.5,3.5,3.5,3.5,3.5,3.5,3.5,3.5,3.5,3.5,3.5,3.5,3.5,3.5,3.5,3.5,61.7,61.1,60.4,59.9,58.7,57.9,57.1,56.5,56.0,55.9,56.0,56.2,56.2,56.2,56.1,55.4,54.6,33.4,32.7,31.4,30.5,29.4,28.2,26.8,25.2,23.3,21.7,19.3,17.2,15.4,13.9,12.6,11.9,11.3,11.2,11.1,11.0,10.9,10.8,10.7,10.6,10.6,10.5,10.4,10.4,10.3,10.2,10.2
50.0,Necklace Valley Jct,3857.0,51.9,51.2,50.3,49.6,49.0,48.7,48.4,47.7,47.0,46.2,45.1,44.0,43.0,41.9,41.1,40.1,39.3,38.5,37.8,36.9,36.0,35.0,34.1,33.1,32.1,31.5,30.8,30.1,29.4,28.8,0.0,0.0,0.0,0.0,0.0,0.0,0.0,0.0,0.0,0.0,0.0,0.0,0.0,0.0,0.0,0.0,0.0,0.0,0.0,0.0,0.0,0.0,0.0,0.0,0.0,0.0,0.0,0.0,0.0,0.0,0.0,0.0,0.0,0.0,0.0,0.0,0.0,0.0,0.0,0.0,0.0,0.0,0.0,0.0,0.0,0.0,0.0,0.0,0.0,0.0,59.3,58.7,58.0,57.4,56.1,55.3,54.5,53.8,53.4,53.3,53.4,53.6,53.6,53.6,53.5,52.9,52.1,16.5,16.2,15.4,14.9,14.3,13.6,12.8,11.9,10.8,9.9,8.5,7.3,6.3,5.4,4.7,4.3,3.9,3.8,3.7,3.6,3.6,3.5,3.5,3.4,3.3,3.3,3.2,3.2,3.1,3.1,3.0
51.0,Mile 51.0,4405.0,56.6,55.8,55.0,54.3,53.8,53.5,53.2,52.6,51.9,51.1,50.1,48.9,47.9,46.8,46.0,45.0,44.2,43.4,42.7,41.8,41.0,40.0,39.0,38.1,37.1,36.4,35.7,35.1,34.4,33.7,0.0,0.0,0.0,0.0,0.0,0.0,0.0,0.0,0.0,0.0,0.0,0.0,0.0,0.0,0.0,0.0,0.0,0.0,0.0,0.0,5.1,5.0,5.0,4.9,4.9,4.8,4.8,4.7,4.7,4.6,4.6,4.6,4.5,4.5,4.5,4.5,4.5,4.4,4.4,4.4,4.4,4.4,4.4,4.4,4.4,4.4,4.4,4.4,4.4,4.4,63.0,62.3,61.6,61.1,59.8,58.9,58.1,57.4,57.0,56.9,56.9,57.2,57.2,57.2,57.1,56.5,55.7,35.5,34.9,33.5,32.7,31.6,30.5,29.0,27.4,25.5,23.8,21.4,19.2,17.3,15.7,14.4,13.5,12.8,12.6,12.3,12.2,12.0,11.9,11.7,11.6,11.5,11.4,11.3,11.2,11.1,11.0,10.9
52.0,Mile 52.0,4449.0,57.2,56.5,55.7,55.0,54.5,54.2,54.0,53.3,52.6,51.9,50.8,49.7,48.7,47.6,46.7,45.8,44.9,44.2,43.5,42.6,41.7,40.7,39.7,38.8,37.9,37.2,36.5,35.9,35.2,34.5,0.0,0.0,0.0,0.0,0.0,0.0,0.0,0.0,0.0,0.0,0.0,0.0,0.0,0.0,0.0,0.0,0.0,0.0,0.0,0.0,6.0,5.9,5.9,5.8,5.8,5.7,5.7,5.6,5.5,5.5,5.4,5.4,5.4,5.3,5.3,5.3,5.3,5.3,5.3,5.3,5.2,5.2,5.2,5.2,5.2,5.2,5.2,5.2,5.2,5.2,63.6,63.0,62.2,61.7,60.4,59.4,58.6,58.0,57.5,57.5,57.5,57.7,57.7,57.7,57.6,57.0,56.2,36.4,35.7,34.4,33.5,32.4,31.3,29.9,28.3,26.3,24.6,22.2,20.0,18.0,16.4,15.0,14.1,13.4,13.1,12.8,12.6,12.4,12.3,12.2,12.0,11.9,11.8,11.7,11.6,11.5,11.3,11.3
53.0,Mile 53.0,4412.0,57.3,56.6,55.9,55.2,54.8,54.6,54.3,53.7,53.0,52.3,51.3,50.1,49.1,48.0,47.2,46.2,45.4,44.6,43.9,43.0,42.1,41.1,40.1,39.2,38.3,37.6,36.9,36.3,35.6,34.9,0.0,0.0,0.0,0.0,0.0,0.0,0.0,0.0,0.0,0.0,0.0,0.0,0.0,0.0,0.0,0.0,0.0,0.0,0.0,0.0,5.1,5.0,5.0,4.9,4.9,4.8,4.7,4.7,4.6,4.6,4.5,4.5,4.5,4.4,4.4,4.4,4.4,4.4,4.4,4.4,4.4,4.4,4.4,4.4,4.4,4.4,4.4,4.4,4.4,4.4,64.0,63.3,62.6,62.0,60.7,59.7,58.9,58.2,57.7,57.7,57.7,58.0,57.9,58.0,57.9,57.3,56.4,36.6,35.9,34.6,33.8,32.7,31.5,30.1,28.5,26.5,24.8,22.3,20.0,18.0,16.3,14.9,13.9,13.2,12.7,12.5,12.2,12.0,11.8,11.6,11.5,11.4,11.2,11.1,11.0,10.9,10.8,10.7
54.0,Mile 54.0,4881.0,61.8,61.1,60.4,59.8,59.5,59.3,59.2,58.6,57.9,57.2,56.2,55.1,54.0,53.0,52.1,51.2,50.3,49.5,48.9,48.0,47.1,46.1,45.1,44.2,43.2,42.5,41.8,41.2,40.6,39.9,2.0,2.0,2.0,2.0,2.0,2.0,2.0,2.0,2.0,2.0,2.0,2.0,2.0,2.0,2.0,2.0,2.0,2.0,2.0,2.0,18.7,18.6,18.5,18.3,18.2,18.0,17.9,17.7,17.6,17.4,17.3,17.2,17.1,17.0,17.0,16.9,16.9,16.9,16.8,16.8,16.8,16.8,16.8,16.8,16.8,16.8,16.8,16.8,16.8,16.8,67.8,67.1,66.4,65.8,64.4,63.4,62.5,61.8,61.3,61.3,61.3,61.5,61.5,61.5,61.4,60.8,60.0,42.9,42.2,40.9,40.1,39.0,37.8,36.4,34.7,32.7,30.9,28.4,26.0,23.9,22.1,20.6,19.6,18.7,18.1,17.8,17.4,17.1,16.9,16.7,16.5,16.4,16.3,16.1,16.0,15.9,15.7,15.6
55.0,Hope Lake / Mig Lake,5056.0,63.9,63.3,62.6,62.0,61.7,61.6,61.6,61.0,60.4,59.7,58.7,57.5,56.5,55.5,54.5,53.6,52.7,51.9,51.3,50.4,49.5,48.5,47.4,46.6,45.6,44.9,44.2,43.6,43.0,42.3,7.0,7.0,7.0,7.0,7.0,7.0,7.0,7.0,7.0,7.0,7.0,7.0,7.0,7.0,7.0,7.0,7.0,7.0,7.0,7.0,21.2,21.1,21.0,20.8,20.6,20.5,20.3,20.2,20.0,19.8,19.7,19.6,19.5,19.4,19.4,19.3,19.3,19.3,19.2,19.2,19.2,19.2,19.2,19.2,19.2,19.2,19.2,19.2,19.2,19.2,69.9,69.1,68.4,67.7,66.3,65.3,64.4,63.6,63.1,63.1,63.1,63.3,63.3,63.3,63.2,62.7,61.8,45.7,45.0,43.6,42.9,41.8,40.6,39.2,37.5,35.4,33.6,31.0,28.6,26.3,24.5,22.9,21.7,20.7,20.0,19.6,19.2,18.8,18.6,18.4,18.2,18.0,17.9,17.7,17.6,17.5,17.3,17.2
56.0,Mile 56.0,5507.0,68.2,67.6,67.0,66.5,66.2,66.2,66.2,65.7,65.0,64.3,63.4,62.2,61.1,60.1,59.2,58.2,57.3,56.6,55.9,55.0,54.1,53.1,52.0,51.1,50.2,49.5,48.8,48.2,47.6,46.8,25.3,25.3,25.3,25.3,25.3,25.3,25.3,25.3,25.3,25.3,25.3,25.3,25.3,25.3,25.3,25.3,25.3,25.3,25.3,25.3,27.1,27.0,26.8,26.7,26.5,26.4,26.2,26.0,25.9,25.7,25.6,25.5,25.4,25.3,25.3,25.2,25.2,25.1,25.1,25.1,25.1,25.1,25.1,25.1,25.1,25.1,25.1,25.1,25.1,25.1,73.6,72.8,72.0,71.4,69.9,68.8,67.9,67.1,66.6,66.6,66.6,66.7,66.7,66.7,66.6,66.1,65.2,51.5,50.8,49.4,48.7,47.6,46.4,44.9,43.2,41.1,39.2,36.6,34.1,31.7,29.8,28.1,26.9,25.7,25.0,24.4,24.0,23.6,23.3,23.0,22.8,22.6,22.5,22.4,22.2,22.1,22.0,21.9
57.0,Mile 57.0,5746.0,70.7,70.2,69.6,69.0,68.9,68.8,68.9,68.4,67.8,67.0,66.1,64.9,63.9,62.8,61.9,60.9,60.0,59.2,58.5,57.7,56.7,55.7,54.6,53.8,52.8,52.1,51.4,50.8,50.2,49.4,32.1,32.1,32.1,32.1,32.1,32.1,32.1,32.1,32.1,32.1,32.1,32.1,32.1,32.1,32.1,32.1,32.1,32.1,32.1,32.1,30.0,29.9,29.8,29.6,29.5,29.3,29.2,29.0,28.9,28.7,28.6,28.5,28.4,28.3,28.3,28.2,28.2,28.2,28.1,28.1,28.1,28.1,28.1,28.1,28.1,28.1,28.1,28.1,28.1,28.1,75.8,75.0,74.2,73.6,72.1,71.0,70.1,69.3,68.8,68.7,68.7,68.8,68.8,68.8,68.7,68.2,67.3,54.7,53.9,52.6,51.9,50.7,49.5,48.1,46.3,44.2,42.2,39.6,37.0,34.6,32.6,30.8,29.5,28.3,27.4,26.8,26.3,25.8,25.5,25.2,25.0,24.9,24.7,24.6,24.5,24.3,24.2,24.1
58.0,Mile 58.0,5153.0,65.9,65.3,64.7,64.2,64.0,63.9,64.0,63.5,62.8,62.1,61.2,60.0,58.9,57.9,56.9,56.0,55.1,54.3,53.6,52.7,51.8,50.8,49.7,48.8,47.9,47.2,46.5,45.9,45.2,44.5,10.0,10.0,10.0,10.0,10.0,10.0,10.0,10.0,10.0,10.0,10.0,10.0,10.0,10.0,10.0,10.0,10.0,10.0,10.0,10.0,21.7,21.6,21.5,21.3,21.2,21.1,20.9,20.8,20.6,20.5,20.3,20.2,20.2,20.1,20.0,20.0,19.9,19.9,19.9,19.9,19.9,19.9,19.9,19.9,19.9,19.9,19.9,19.9,19.9,19.9,72.1,71.3,70.5,69.9,68.4,67.3,66.4,65.6,65.1,65.0,65.0,65.2,65.1,65.2,65.0,64.5,63.6,48.0,47.2,45.9,45.1,44.0,42.8,41.4,39.6,37.5,35.5,32.9,30.3,27.9,25.9,24.2,22.9,21.7,20.8,20.2,19.7,19.3,19.0,18.7,18.5,18.3,18.2,18.1,17.9,17.8,17.7,17.6
59.0,Mile 59.0,4868.0,64.5,64.0,63.4,62.9,62.8,62.8,62.9,62.4,61.8,61.1,60.2,59.0,57.9,56.8,55.8,54.9,53.9,53.1,52.4,51.6,50.6,49.6,48.4,47.6,46.6,45.9,45.2,44.6,43.9,43.2,1.5,1.5,1.5,1.5,1.5,1.5,1.5,1.5,1.5,1.5,1.5,1.5,1.5,1.5,1.5,1.5,1.5,1.5,1.5,1.5,16.4,16.3,16.2,16.0,15.9,15.8,15.7,15.5,15.4,15.3,15.2,15.1,15.0,15.0,14.9,14.9,14.8,14.8,14.8,14.8,14.8,14.8,14.8,14.8,14.8,14.8,14.8,14.8,14.8,14.8,71.7,70.9,70.1,69.4,67.9,66.7,65.8,65.0,64.5,64.4,64.3,64.5,64.4,64.4,64.3,63.8,62.8,45.7,44.9,43.5,42.8,41.7,40.4,39.0,37.2,35.0,33.0,30.2,27.6,25.0,23.0,21.1,19.7,18.3,17.3,16.6,16.1,15.5,15.2,14.9,14.7,14.6,14.4,14.3,14.2,14.1,14.0,13.9
60.0,Cady Pass,5009.0,66.5,66.0,65.5,65.0,64.9,64.9,65.1,64.6,64.0,63.3,62.4,61.2,60.0,58.9,57.9,57.0,56.0,55.2,54.5,53.6,52.6,51.6,50.4,49.6,48.6,47.9,47.2,46.5,45.9,45.1,5.1,5.1,5.1,5.1,5.1,5.1,5.1,5.1,5.1,5.1,5.1,5.1,5.1,5.1,5.1,5.1,5.1,5.1,5.1,5.1,18.4,18.3,18.2,18.1,18.0,17.9,17.7,17.6,17.5,17.4,17.3,17.2,17.2,17.1,17.1,17.0,17.0,17.0,17.0,16.9,16.9,16.9,16.9,16.9,16.9,16.9,16.9,16.9,16.9,16.9,73.7,72.8,72.0,71.4,69.8,68.6,67.7,66.8,66.3,66.2,66.1,66.2,66.2,66.1,66.0,65.5,64.5,47.9,47.1,45.7,45.0,43.8,42.5,41.0,39.2,37.0,34.9,32.1,29.4,26.7,24.6,22.6,21.1,19.6,18.5,17.7,17.0,16.5,16.1,15.8,15.6,15.4,15.3,15.2,15.1,15.0,14.9,14.8
61.0,Mile 61.0,5581.0,71.6,71.2,70.6,70.2,70.1,70.2,70.4,69.9,69.2,68.5,67.6,66.4,65.3,64.2,63.2,62.2,61.2,60.4,59.6,58.8,57.8,56.7,55.5,54.7,53.7,53.0,52.3,51.6,51.0,50.1,27.5,27.5,27.5,27.5,27.5,27.5,27.5,27.5,27.5,27.5,27.5,27.5,27.5,27.5,27.5,27.5,27.5,27.5,27.5,27.5,25.9,25.8,25.8,25.7,25.6,25.5,25.4,25.3,25.2,25.1,25.0,24.9,24.9,24.8,24.8,24.7,24.7,24.7,24.7,24.7,24.7,24.7,24.7,24.7,24.7,24.7,24.7,24.7,24.7,24.7,77.9,77.0,76.2,75.5,73.9,72.7,71.8,70.9,70.4,70.2,70.2,70.3,70.2,70.2,70.0,69.5,68.5,54.6,53.8,52.4,51.6,50.5,49.2,47.7,45.8,43.5,41.4,38.6,35.8,33.1,30.9,28.8,27.2,25.7,24.4,23.6,22.9,22.3,22.0,21.6,21.4,21.3,21.1,21.0,21.0,20.9,20.8,20.7
62.0,Mile 62.0,5246.0,69.7,69.3,68.8,68.3,68.3,68.4,68.6,68.2,67.5,66.8,65.9,64.7,63.5,62.4,61.4,60.4,59.4,58.6,57.8,56.9,55.9,54.8,53.6,52.8,51.8,51.1,50.3,49.6,49.0,48.1,12.5,12.5,12.5,12.5,12.5,12.5,12.5,12.5,12.5,12.5,12.5,12.5,12.5,12.5,12.5,12.5,12.5,12.5,12.5,12.5,20.6,20.5,20.5,20.4,20.3,20.2,20.2,20.1,20.0,19.9,19.8,19.8,19.8,19.7,19.7,19.7,19.6,19.6,19.6,19.6,19.6,19.6,19.6,19.6,19.6,19.6,19.6,19.6,19.6,19.6,76.9,76.0,75.2,74.5,72.9,71.7,70.7,69.8,69.3,69.1,69.0,69.1,69.0,69.0,68.8,68.3,67.3,51.4,50.6,49.2,48.5,47.3,45.9,44.4,42.5,40.2,38.1,35.1,32.3,29.5,27.2,25.0,23.3,21.6,20.3,19.4,18.7,18.0,17.7,17.3,17.1,16.9,16.8,16.7,16.7,16.6,16.5,16.5
63.0,Mile 63.0,5111.0,69.2,68.8,68.3,67.9,67.9,68.0,68.3,67.8,67.2,66.4,65.6,64.3,63.1,62.0,61.0,60.0,58.9,58.1,57.3,56.5,55.4,54.3,53.1,52.2,51.3,50.5,49.7,49.1,48.4,47.5,7.7,7.7,7.7,7.7,7.7,7.7,7.7,7.7,7.7,7.7,7.7,7.7,7.7,7.7,7.7,7.7,7.7,7.7,7.7,7.7,18.2,18.2,18.1,18.1,18.0,17.9,17.9,17.8,17.7,17.7,17.6,17.6,17.6,17.5,17.5,17.5,17.5,17.5,17.4,17.4,17.4,17.4,17.4,17.4,17.4,17.4,17.4,17.4,17.4,17.4,76.9,76.0,75.2,74.5,72.8,71.6,70.6,69.7,69.2,69.0,68.9,68.9,68.8,68.8,68.6,68.1,67.1,50.3,49.5,48.1,47.3,46.1,44.8,43.2,41.3,38.9,36.8,33.8,30.9,28.0,25.7,23.4,21.7,19.9,18.5,17.6,16.7,16.0,15.7,15.3,15.1,15.0,14.8,14.7,14.7,14.6,14.6,14.6
64.0,Mile 64.0,4616.0,65.6,65.2,64.7,64.3,64.3,64.4,64.7,64.3,63.6,62.9,62.0,60.7,59.5,58.4,57.3,56.4,55.3,54.5,53.7,52.8,51.7,50.6,49.4,48.6,47.6,46.9,46.1,45.4,44.7,43.8,0.0,0.0,0.0,0.0,0.0,0.0,0.0,0.0,0.0,0.0,0.0,0.0,0.0,0.0,0.0,0.0,0.0,0.0,0.0,0.0,7.1,7.1,7.1,7.0,7.0,7.0,6.9,6.9,6.9,6.8,6.8,6.8,6.7,6.7,6.7,6.7,6.7,6.7,6.7,6.7,6.7,6.7,6.7,6.7,6.7,6.7,6.7,6.7,6.7,6.7,74.4,73.4,72.6,71.9,70.3,69.0,68.1,67.1,66.6,66.4,66.3,66.3,66.2,66.1,66.0,65.4,64.5,45.1,44.3,42.8,42.1,40.9,39.5,38.0,36.1,33.6,31.4,28.5,25.5,22.6,20.2,17.9,16.1,14.3,12.9,11.9,11.1,10.3,10.0,9.6,9.4,9.2,9.1,9.0,9.0,9.0,8.9,8.9
65.0,Lake Valhalla area,4656.0,66.6,66.3,65.8,65.4,65.4,65.6,65.9,65.5,64.8,64.1,63.2,61.9,60.7,59.6,58.5,57.5,56.4,55.6,54.7,53.9,52.8,51.7,50.4,49.6,48.6,47.9,47.0,46.4,45.7,44.7,0.0,0.0,0.0,0.0,0.0,0.0,0.0,0.0,0.0,0.0,0.0,0.0,0.0,0.0,0.0,0.0,0.0,0.0,0.0,0.0,7.7,7.7,7.6,7.6,7.6,7.6,7.5,7.5,7.5,7.5,7.4,7.4,7.4,7.4,7.4,7.4,7.4,7.4,7.4,7.4,7.4,7.4,7.4,7.4,7.4,7.4,7.4,7.4,7.4,7.4,75.6,74.6,73.8,73.1,71.4,70.1,69.2,68.2,67.6,67.4,67.3,67.3,67.2,67.1,67.0,66.4,65.4,46.0,45.2,43.7,43.0,41.7,40.4,38.8,36.9,34.4,32.2,29.1,26.1,23.1,20.7,18.3,16.4,14.5,12.9,11.9,11.0,10.2,9.8,9.4,9.3,9.1,9.0,8.9,8.9,8.9,8.8,8.8
66.0,Mile 66.0,4482.0,65.2,64.8,64.4,63.9,64.0,64.1,64.4,64.0,63.3,62.6,61.7,60.5,59.2,58.1,57.0,56.0,54.9,54.1,53.3,52.4,51.3,50.2,49.0,48.1,47.1,46.4,45.6,44.9,44.2,43.3,0.0,0.0,0.0,0.0,0.0,0.0,0.0,0.0,0.0,0.0,0.0,0.0,0.0,0.0,0.0,0.0,0.0,0.0,0.0,0.0,4.1,4.1,4.1,4.1,4.1,4.0,4.0,4.0,4.0,4.0,4.0,3.9,3.9,3.9,3.9,3.9,3.9,3.9,3.9,3.9,3.9,3.9,3.9,3.9,3.9,3.9,3.9,3.9,3.9,3.9,74.5,73.5,72.7,72.0,70.3,69.0,68.1,67.1,66.5,66.3,66.2,66.2,66.1,66.0,65.9,65.3,64.3,44.1,43.3,41.8,41.0,39.8,38.4,36.9,34.9,32.4,30.2,27.2,24.2,21.2,18.8,16.4,14.5,12.6,11.0,10.0,9.1,8.3,7.9,7.5,7.4,7.2,7.1,7.0,7.0,7.0,7.0,6.9
67.0,Mile 67.0,5281.0,71.9,71.5,71.1,70.6,70.7,70.8,71.2,70.8,70.1,69.4,68.5,67.2,66.0,64.9,63.8,62.8,61.7,60.8,60.0,59.1,58.0,56.9,55.7,54.8,53.8,53.1,52.3,51.6,50.9,49.9,13.2,13.2,13.2,13.2,13.2,13.2,13.2,13.2,13.2,13.2,13.2,13.2,13.2,13.2,13.2,13.2,13.2,13.2,13.2,13.2,19.6,19.6,19.5,19.5,19.5,19.5,19.4,19.4,19.4,19.3,19.3,19.3,19.3,19.3,19.3,19.2,19.2,19.2,19.2,19.2,19.2,19.2,19.2,19.2,19.2,19.2,19.2,19.2,19.2,19.2,79.7,78.7,77.9,77.2,75.5,74.2,73.2,72.3,71.7,71.4,71.3,71.4,71.2,71.1,71.0,70.4,69.4,53.1,52.3,50.7,50.0,48.8,47.4,45.8,43.9,41.4,39.1,36.1,33.0,30.0,27.5,25.1,23.2,21.2,19.7,18.6,17.7,16.9,16.5,16.1,15.9,15.8,15.6,15.6,15.6,15.5,15.5,15.5
68.0,Mile 68.0,4867.0,68.9,68.6,68.1,67.7,67.8,67.9,68.3,67.9,67.2,66.4,65.6,64.3,63.1,61.9,60.8,59.8,58.7,57.9,57.0,56.2,55.0,53.9,52.7,51.8,50.8,50.1,49.3,48.6,47.9,46.9,1.3,1.3,1.3,1.3,1.3,1.3,1.3,1.3,1.3,1.3,1.3,1.3,1.3,1.3,1.3,1.3,1.3,1.3,1.3,1.3,13.0,13.0,12.9,12.9,12.9,12.9,12.9,12.8,12.8,12.8,12.8,12.8,12.8,12.8,12.8,12.7,12.7,12.7,12.7,12.7,12.7,12.7,12.7,12.7,12.7,12.7,12.7,12.7,12.7,12.7,77.6,76.6,75.8,75.1,73.4,72.1,71.1,70.2,69.6,69.3,69.2,69.2,69.1,69.0,68.8,68.3,67.3,48.8,47.9,46.4,45.7,44.4,43.0,41.4,39.5,36.9,34.7,31.6,28.5,25.5,23.0,20.5,18.6,16.5,14.9,13.8,12.9,12.1,11.7,11.2,11.1,10.9,10.8,10.8,10.8,10.7,10.7,10.7
69.0,Mile 69.0,4611.0,67.1,66.8,66.4,66.0,66.1,66.2,66.6,66.2,65.5,64.8,63.9,62.6,61.4,60.2,59.1,58.1,57.0,56.1,55.3,54.4,53.3,52.2,50.9,50.0,49.0,48.3,47.5,46.8,46.1,45.1,0.0,0.0,0.0,0.0,0.0,0.0,0.0,0.0,0.0,0.0,0.0,0.0,0.0,0.0,0.0,0.0,0.0,0.0,0.0,0.0,6.2,6.2,6.2,6.2,6.2,6.2,6.2,6.2,6.1,6.1,6.1,6.1,6.1,6.1,6.1,6.1,6.1,6.1,6.1,6.1,6.1,6.1,6.1,6.1,6.1,6.1,6.1,6.1,6.1,6.1,76.5,75.5,74.7,74.0,72.3,71.0,70.0,69.0,68.4,68.2,68.0,68.0,67.9,67.8,67.6,67.1,66.1,46.1,45.3,43.7,43.0,41.8,40.3,38.8,36.8,34.3,32.0,28.9,25.8,22.7,20.1,17.6,15.7,13.6,11.9,10.8,9.8,9.0,8.6,8.2,8.0,7.9,7.7,7.7,7.7,7.7,7.7,7.7
70.4,Stevens Pass (Hwy 2),5135.0,71.6,71.3,70.8,70.4,70.5,70.7,71.1,70.7,70.0,69.2,68.4,67.1,65.8,64.7,63.5,62.6,61.4,60.6,59.7,58.9,57.7,56.6,55.3,54.4,53.4,52.7,51.9,51.2,50.4,49.5,8.0,8.0,8.0,8.0,8.0,8.0,8.0,8.0,8.0,8.0,8.0,8.0,8.0,8.0,8.0,8.0,8.0,8.0,8.0,8.0,16.8,16.8,16.8,16.8,16.8,16.8,16.8,16.8,16.8,16.8,16.8,16.8,16.8,16.8,16.8,16.8,16.8,16.8,16.8,16.8,16.8,16.8,16.8,16.8,16.8,16.8,16.8,16.8,16.8,16.8,80.0,79.0,78.1,77.4,75.7,74.4,73.4,72.4,71.9,71.6,71.4,71.4,71.3,71.2,71.0,70.5,69.5,52.1,51.2,49.6,48.9,47.6,46.2,44.7,42.7,40.1,37.8,34.7,31.6,28.4,25.9,23.3,21.3,19.2,17.5,16.4,15.4,14.6,14.1,13.7,13.6,13.4,13.3,13.3,13.3,13.3,13.3,13.3
